TV Ad Budget ($),Radio Ad Budget ($),Newspaper Ad Budget ($),Sales ($)
189.68751427358578,44.03996313662665,15.849548350925033,19.906282406590584
135.17192401333347,36.99185984806398,27.4065826663994,16.070626371610473
202.64930480855418,24.149320723309184,13.296186995649627,16.752140098834868
277.8010652067151,13.659053112359866,23.847022613139828,18.202757020091468
126.93944083256947,33.630388299573184,0.0,15.088565548552692
126.94085036803159,29.106002430967926,35.19924278011806,14.199128541605932
282.6246102541029,36.55476291355177,30.58025359084406,22.733047724903564
212.93002259296128,32.694274533655495,12.75893651249821,18.834171183333464
106.73613512614426,38.84650888467591,44.91146145222788,15.100768399243815
193.62357819705622,15.317464949593958,50.97298453689047,14.634921586732817
107.25612788876938,42.823098302289935,0.0,15.920867482628381
107.05762767809526,26.19772362415444,13.942906243460133,12.762935353304192
167.81598604232224,54.07500216663671,13.80314039313193,20.799368883640007
0.0,13.031759978284109,10.084206735998247,5.385305004311801
0.0,49.037523322330586,48.618818077525205,12.13349278555639
98.76773358761973,26.202343635975986,26.332734015072198,12.371567940187136
60.08665764771527,13.592521206415503,24.793231564934167,8.225609401064398
174.02196475396414,16.07983935874425,0.0,13.93447527422234
69.08478644057601,18.507864645139623,44.39252835388778,9.543761222637151
25.790244277140516,29.56151086525827,3.5646612975298098,9.6887045872707
272.8746557616452,31.026438721392115,31.859250030425734,21.24326251096538
127.65864814372327,14.746385517156678,36.59488716114192,11.52331151128428
152.8400824431985,22.9024120161378,60.18726764944685,14.188909807284316
24.721832531593208,55.069879218072884,2.049696781860739,14.450473984791882
100.30493692286146,48.91250379007886,0.0,16.750784412215495
156.56567422961243,29.74201426269604,34.557989526525745,15.675470719494728
48.224825407044165,23.82823038839397,69.76665033764563,9.56583567029384
179.29776645009198,25.046082202948394,57.53654285993868,15.806632620543828
95.47512397583411,32.37278426727839,35.120092910492474,13.375079281577213
121.99935587366633,8.07879395769517,19.846841922622012,10.02465083791774
95.38343832141459,19.442779662452555,48.132017002367974,10.919689552494528
306.06842897377925,0.0,9.351506447851548,16.93630038365864
145.883706077754,29.191189520034797,40.9284152422936,15.076157963848466
56.233535952559166,32.8727946163578,41.562442941677745,11.666784984821925
217.66146526333247,16.090222797733155,53.64390958466346,15.877923949847155
42.22790077183292,46.63268112038257,90.6555896306675,13.569039893671611
164.9743244431195,5.065291106704308,39.100278560168576,11.403273987920041
0.0,1.5227055911498724,19.46947417511653,3.205765636322983
33.01210108771008,26.59639331940396,29.997026751564537,9.432773247396932
163.94387106555257,38.81006868757284,0.0,17.75858540962463
210.44298426958792,48.26495310154131,15.424106126468391,21.653127955130223
161.75519291016334,16.451032915238006,21.640392964468518,13.42062018025715
137.11360503442677,39.278968495945094,19.140077495513637,16.599251788807468
121.19147216358505,22.692272101656695,33.872078990924095,12.728206522194114
20.105123642206635,20.701035419181416,12.642828122604467,7.748642936370126
85.24082522256273,36.383530468489816,54.968501852015876,13.642263690637089
107.49471010220958,32.94891329705316,30.558509588342368,14.038501605861313
237.8009214235405,0.0,30.351451832245612,13.790274807269594
176.54358583473518,45.18591281329381,23.412905294110228,19.51295416341862
0.0,43.75395298070751,33.93383906143577,11.152616743219772
174.86648169429415,13.976389942959429,48.52350226071957,13.52621814264104
113.98155489645384,29.140419532198536,11.669099814405786,13.636951995290119
88.92587861897192,30.598771903006917,16.22113051685013,12.760508350764225
199.55750065036983,27.13417365842085,23.939265980482745,17.1623370316757
235.55817664492474,15.093724392194881,1.2427874600842763,16.563456539410414
226.99684342197784,13.292536017967999,12.711693704145773,15.820173174737837
74.99212044163173,22.884603584315748,20.18256615968074,10.664372602366626
120.49530761217564,40.67528396429929,49.596990432049104,16.070369842810802
175.48286892220892,31.334727763399364,36.272223631191565,16.83970522488882
230.79718187982007,17.761559733564365,34.770121277836985,16.813753968445067
105.9033617480145,34.721263498491425,49.085384090328006,14.280593822703043
131.10289034352064,0.0,27.562231906539747,8.910171040370347
52.05895569823876,40.31950514155244,39.057785917372,12.88226382509427
44.343093814719666,0.0,28.305972580595476,4.938868086672596
216.8012839677965,17.882908505356752,36.33322599239412,16.194492838404376
263.4814519126571,6.6404747341847035,17.862320155510805,16.230421381412476
140.86012600477676,4.042111186051198,0.0,10.147362385162145
233.20005056540634,40.49857379879387,27.629585040229966,21.21773830497004
178.09048475442358,16.32012951265748,61.53949220483566,14.102124761354057
91.65623613671613,28.40847701085768,50.72569406021954,12.436727616847588
178.06984371848864,22.56737911894539,51.57902577537479,15.289308120248755
279.0894548383391,30.346534131023365,57.475222297067155,21.37292177035892
143.96668277202707,24.40455995712404,32.484840058005986,14.09476286996272
281.3737861748774,4.215659272964029,34.85126397707137,16.574481304351107
0.0,38.055383356880235,17.102393559140335,10.0957278232335
217.6063118384452,15.933290230326916,23.670369111237864,15.876910713022985
154.51585956703988,0.15372558352028065,43.96464639416694,9.993621771893956
121.37145227320886,16.907855899714345,56.7729426904981,11.622147676930934
154.92055139311847,45.54549423081455,27.51705243459938,18.586917525153282
0.0,35.88707996258877,20.74949869522777,9.683153701420059
128.18273782985625,18.08762829158259,30.56549821575617,12.183476295828553
177.70212710559397,18.078637510677535,43.647453830488175,14.434446119192103
273.9259645656334,18.488745770208272,0.0,18.960697571687177
102.54680620535527,54.097081018920996,0.0,17.83083119775352
77.62989915811681,28.934522776895584,18.56406669728789,11.92736015977869
103.96453220742356,29.648746273651092,3.9685669231421485,13.282350601872045
225.63364973636118,38.56042183937477,19.48740730262716,20.514512284709397
175.2671754575108,26.80925707740446,27.33554846907826,15.98591876325997
101.56034227555078,19.418050692414756,20.68287475422408,11.22618951293241
191.10868349526032,20.348831258865808,62.18673971350244,15.45675770478041
155.3770188625988,22.200949764706046,37.670050339246316,14.196126569226408
230.20477592246255,22.711368557428166,37.09791714966218,17.71741518912453
86.76826777264142,34.06697698532098,44.104813473141405,13.286697691129895
118.91131663454514,24.035230654068034,5.751785329499818,12.906218620457112
113.37835395998957,34.14136742123323,53.18442162706576,14.509103650884436
21.393541792664635,22.065616337774948,28.903958330443015,8.048000590439399
172.46568024473817,24.431481665154713,45.156143142475116,15.39093854641686
169.45520102898485,0.0,7.210427728590247,10.686465796522336
147.48151191496785,36.86854212915016,0.0,16.639155344832126
126.90220081477327,28.40824828339904,48.36650874987619,14.052151210426086
25.526925838796927,38.08126565697345,38.75168034888587,11.24637713986779
110.92831705454208,0.0,10.908561220847613,8.004166914054405
117.61900690956125,54.26970073021717,11.613937495656966,18.541099736957683
78.163597738168,21.191539427807793,55.064417448253934,10.454131044321812
133.19543839640832,39.71697881241107,4.65024936441273,16.517549470029763
181.73197774419646,7.82471513880043,66.32915141065814,12.662166543227027
308.9795500963767,32.36173723659971,10.939722500792183,23.169037915325795
162.0307447982045,7.624140150354425,44.45729569419944,11.745424094586284
169.1542921081091,14.0030212705323,23.397142816129552,13.295891039199656
140.65100275513174,51.681258268064056,43.69059035610496,19.073872455610235
0.0,20.43297478261287,18.703947455023787,6.771713235563231
144.7661714715589,26.492184376725447,27.00859502345024,14.530612620110949
152.2135186775734,36.1817295678781,31.445163205968417,16.693605034773334
358.52227042614516,30.623294402812313,8.72773939141144,25.11088920633435
130.52749627191778,25.49724078115491,46.68813252685178,13.670990581700307
172.93161678884243,28.682506360359298,19.37691632662931,16.24045349333099
144.06234752081735,58.94705256506255,25.57540912009131,20.61860613557085
46.706539582169654,22.408544715481966,8.89844198937891,9.291848836555197
245.15867998344092,26.24967917208657,0.0,19.107341897625787
211.5991362812758,38.86286532762783,26.393678788699564,19.9220822196393
214.9559437140756,39.67753256593309,83.09743649648058,20.170464795779743
68.96773455423968,40.88761243298423,47.641599294410256,13.754287725131274
267.4783342723165,32.74710572151919,30.134535492558644,21.322488529220756
26.687647576726462,6.2940241732671325,24.82860030874827,5.321093082641786
197.42666761420855,47.51524626241125,31.04327616135245,20.899893814956265
335.1023949356097,6.244428699871406,42.469499762908995,19.407932102852023
62.00076026372925,27.757171002344975,4.83752541411998,11.004373200607725
98.42344089808769,12.065410388570138,54.822389680333565,9.66101742347761
155.5979918473375,22.311750207258875,46.134018423958544,14.218347220837595
103.8169822127049,28.145072770073067,46.19509461183246,12.948300708922831
13.91147534436206,28.03512925517515,40.10339686242821,8.81939950391343
152.92892184144975,29.528176925596462,30.98122375003649,15.472432148667941
55.83922592355452,47.2224632771468,45.207989735061204,14.350300572100041
187.70241645670458,29.997537229425035,43.4428956256323,17.13938840913324
68.10603452043766,19.63905302674432,22.843481595014378,9.734588938829168
280.11093468098227,37.57761821677011,18.06174447577391,22.8238370472395
79.79688674533492,40.92384136974826,32.77228963452743,14.272137083118896
119.39215447974033,5.037941025487669,64.28952255064488,9.285932163798474
216.88639942630206,32.133484838890716,3.56795682100287,18.919043253241163
41.3675841052914,33.67417790462084,0.0,11.180655519449207
166.57089897767645,18.846131447821964,34.14226389032615,14.0795866238196
259.2662429234834,43.68885653959279,31.662263964066007,23.007928539380288
9.033254507727548,21.036153333510104,34.3291423838416,7.282623156797122
162.89409892216574,25.128409641712025,35.86696419959434,15.093927822476505
169.35453883158277,20.69443565108599,25.69296272600515,14.564205828692263
214.16530558996925,23.495299146588508,63.00117093049258,17.104294517727595
40.8450413583796,6.987812980279159,0.0,6.125560705229982
33.67570589667939,1.883839342149166,12.510477431466768,4.822226840034541
191.8533945170462,46.937312404136016,28.305253728941274,20.538717746784066
172.5398923176677,10.689326481927221,0.0,12.850375270771902
168.54837236878979,8.544986968908635,26.72413360308967,12.235706308136177
176.7865464490301,0.0,66.73852877390819,10.960222229715418
88.65949685362067,13.7774568611827,31.00887890924599,9.56165248822457
166.98246380107187,3.62033831434238,35.578347552751005,11.226412778188037
172.20401337997956,47.642685746920804,3.1093493852402148,19.798595409332584
85.71240454487452,38.25656162830422,17.13049859481016,14.056224612495464
307.22714579015405,13.047163140631701,22.382740292938763,19.435590721131952
187.72306356574376,56.70548458351688,23.63460337307138,22.196134048670913
44.764048028387364,37.840084841112564,58.46643426143255,12.060833473143559
203.41040866905448,18.441290434616608,42.69974215656609,15.680330716365045
63.361949552494224,0.0,6.347978577909146,5.8320405424837265
214.61704756953026,57.27718720881582,35.92253410435471,23.52196215446699
246.51283863350943,2.6332827495028397,41.40458255401736,14.673957904713365
76.58344630076562,0.0,55.38487360936101,6.386242216138286
229.75242186028342,38.44590807323955,64.97599633263115,20.63422305377474
182.48149124749293,59.486538414017645,8.446648480794089,22.49632487314227
217.61984724123806,43.81603438418291,12.894641709281768,21.145444125192483
309.8902129732313,31.63625109811861,3.165688635777215,23.0820036710996
125.97489069981947,32.094204217402364,25.457370219824515,14.728394598219479
82.33105722615969,35.93449794918464,40.710642211936566,13.439235511639998
70.67391795340964,34.53166795090294,52.056784077580275,12.629503559244432
77.00173100644476,27.438795413648485,28.89989145379181,11.605899415659922
140.4229916196781,24.811053906319632,23.58816206489214,14.018453653410042
176.3318422652057,22.334691774336275,33.8590797724008,15.184284871613627
170.79757727184025,12.070031623507957,12.365739399415958,13.018113835537303
218.05968613847224,19.096870693252523,76.06127154720213,16.439733908553407
148.15876749782672,0.0,0.0,9.719322835106134
271.8345581520361,21.803970326522705,34.57739502125919,19.45413063359385
124.32058969683328,8.586576478872967,74.625352575079,10.169781204483332
380.58054644491165,6.8792199984391225,30.702091236433077,21.621109401374774
200.7586923295386,25.934854134084553,26.41521191218368,16.98863263610569
73.45189259232731,43.930792318148846,22.769331666146222,14.559039187760483
55.10184240359901,36.89807141262327,26.62531796047304,12.389376096532585
188.4648007537129,0.0,60.45274639872455,11.501194852987968
127.85727322104681,8.571179900972764,0.0,10.406156839053889
208.3424671487436,37.2314503064986,63.95007116154534,19.426506714101983
187.67195485324285,8.67719715014534,0.0,13.16354197075895
140.78982932219904,19.928914487352497,24.74668002589472,13.113610069226555
74.3416720189755,31.43051855116859,21.20564852326391,12.244705113364947
16.986448390837126,8.887174661838484,43.37187850560934,5.346769324775229
108.70729978709811,24.82849003159127,0.0,12.594756048338947
220.56796446764974,3.4579780408053864,40.61948325652784,13.642894289408325
165.42335490209797,14.335609345534161,74.64067174533733,13.134684051421111
40.09054850581599,28.011741354200407,0.8659502170424034,10.053774762030958
161.91081613326193,0.0,34.685538695116065,10.312694460121484
180.12362937548073,29.803644381420973,16.13694114790804,16.78432302125337
71.15959480369912,22.9724413466956,39.82923598365591,10.485155196925245
160.24045157338162,31.466712924981557,30.971012184238088,16.17252453377549
152.03996506905082,26.588410420305095,16.583299835047995,14.89245287406368
48.913657949128805,43.51713265331843,41.179185509830916,13.338968220328463
177.76006058582868,25.12318429499412,69.85021334375082,15.738020768114641
195.18822724856219,16.888697871723906,26.396378703334825,15.028249822788709
240.0270373727252,25.07972769024224,46.2293353175607,18.603960506526704
237.5158704045396,31.33024216289183,2.3882986098090164,19.712932210383734
28.763748519601847,23.989416140459923,9.72413479311004,8.76788843105401
66.52624740108894,23.866657093442015,40.84235720769459,10.440647099414605
191.2604595414441,12.841663367876501,62.8760002658591,14.047662089199093
191.15320044489653,13.422036574413923,38.298768288320254,14.177669892301122
191.26152577356606,2.439787180101689,23.73602785278151,12.127252440333155
477.8158198565585,49.239632045159254,30.53856778738699,34.05742606908837
196.0558688149897,4.796599902893757,3.3218440683169987,12.812173365960703
244.535620823155,12.976568751148724,43.719510083769414,16.53108939630857
228.94759284778445,12.597944417320964,49.769997217634256,15.740049432299749
202.96719842307164,36.550771451595814,20.70809605646675,19.09704429892789
119.97529976782519,18.884938409825914,20.31713028582089,11.968815303328082
212.20322281197053,41.78898845406418,36.34446115280966,20.491066200602766
80.69218140097176,13.264813219912536,21.04284645607209,9.110722096272372
126.71061937317599,27.406173087801854,29.11372286100406,13.874436931504292
105.37198326603794,10.861761704377537,76.2830447126423,9.729825814301252
154.07174171095306,55.112619754476285,25.17412092608253,20.35419316296349
345.7657435715138,5.6319528947491655,22.74984569791117,19.800925402532258
0.0,27.86384896356575,16.45143253797942,8.174993039169834
205.96084455792726,32.67356441146628,46.7614747783699,18.4760473448805
8.584010486080786,29.407596237133248,26.607187444708146,8.848343410197023
106.52515006997848,20.513069485943625,16.411550815638105,11.664277561936782
240.53352188729644,21.33657684394113,59.33017953128525,17.907851263661865
152.56121194974867,23.91446056420091,61.470995576530306,14.365617069119214
54.51354514849922,21.08148933330699,17.47760281926285,9.390043085042452
85.63064630826437,37.57452931594808,0.0,13.941672185502943
205.38884573611722,56.08321318415851,52.49625864057941,22.857341702407204
84.3374306040335,14.98702585070702,15.643706610028921,9.607835980093117
165.62638690236255,2.926796553242095,47.772735149395864,11.020947367465853
150.95503551240716,21.953293274447624,0.0,13.986147801833594
91.09984977377391,61.56445226613428,49.99353899229534,18.662920973817172
331.1091824908869,11.331997049613571,4.17634578193168,20.224072378970355
201.46713354660602,47.59965442787936,46.46903467154698,21.084713661561537
0.0,48.17250384129585,30.86484773261221,11.988830268871514
163.05039280214868,15.044981013190643,9.77851508203986,13.227118171000587
90.22532846376723,31.71158320113269,21.689310473257315,13.024102346400992
220.22751296830018,47.44049392670695,45.50106944854003,21.914273499609592
79.00123723813346,17.635162776166865,32.86023514329941,9.845018253411062
137.19189044036924,20.241481241544527,43.28170871482128,12.988649924078453
190.39779718561056,14.627894469185073,73.59815010003118,14.33381667623284
221.37125103114073,8.198100459170176,0.0,14.615454205181878
43.99196862069827,13.62430018603371,65.77465948553282,7.452515009254786
118.32415185048241,5.092392416351739,32.826728395566626,9.279963553798634
106.26643301892972,23.77003074930674,10.979722995858008,12.272107913477008
90.95141767517899,11.832354367714283,1.5816039487099758,9.330361819064382
298.6142255482498,26.73497482043385,26.435218716433713,21.617782429322723
181.81189551605766,0.1639142427830258,50.62626833338492,11.237824661128172
38.79027101884326,28.176515667854446,27.77615606901057,9.997413776643874
225.84483650690237,35.63924543581778,63.46487025412139,19.92782142376649
329.2385996354692,0.0,0.0,18.006377152008255
235.6840164662913,28.81754651361914,30.290719388524096,19.126430943679885
16.598151893210286,41.49096726275029,3.2785980334750597,11.51738914341719
105.46895347641043,5.3046906238253335,38.473400896487405,8.72581615916428
255.81218919226006,48.09636306070844,49.86918419539619,23.661912720915062
86.28607846592047,29.485095273244934,21.39038843208357,12.424374289714466
185.14627806521366,12.79682351061832,0.0,13.824628495456519
213.54811508069741,22.43600714608511,34.88681625560763,16.90550912148501
67.46159224564607,31.553373128129465,40.06556332376968,11.933435446919365
141.93199601394116,24.392437542660094,39.3589821753143,13.992228838242449
0.0,31.262807412368648,57.467631794693375,8.773244711669257
59.09448136281458,9.594934850013042,7.227928013218669,7.444761661976014
125.35845424467212,25.778467836382347,45.368168648861996,13.48882040079898
39.91502782582185,2.2748506348683932,56.52516896134784,5.1358196254064055
287.1919258508739,21.612647891739016,0.0,20.15675890635424
24.25880417283956,9.843855734291537,37.5155759170309,5.866025080729268
109.26281665004473,12.343727299011405,19.5736586260534,10.246119016782806
158.26713241826758,41.61603949631386,28.778548612776405,17.997943658174286
270.7819175538471,39.46647311248479,38.12591430945235,22.73218729480844
23.767651557008136,32.30775744303885,19.94283384047303,10.096899022241928
246.90503565044708,7.046640822212932,15.838009946412685,15.550482275456666
147.9210516390005,18.566344125653902,31.297792551190618,13.176285783209837
62.77582432780255,41.27463006364012,6.875282939283245,13.58617635896776
186.71604088133887,25.368043973847254,6.90622622106936,16.25935537914646
164.13261814453836,57.69864309675941,45.34981313733216,21.281236490092283
95.51133838821268,29.103514907071222,5.534850286722964,12.7910756969122
153.03530470000638,26.115316584979304,45.06536731726962,14.819261903756054
113.96169539968321,18.67460684277348,40.62860037026827,11.632878008721125
156.78844498504165,25.24665633051547,0.0,14.87400951082313
203.88922340167943,21.000309434136405,15.797576343196223,16.212606207974837
283.20876253276117,33.777154398784866,56.56005592868355,22.209164802376755
40.770795649463864,37.467976735847714,9.185567917481006,11.859058702386273
330.172451415325,11.594564465358676,20.439915655369944,20.213831712153286
0.0,3.4994383695001936,40.617048998442215,3.556498638723691
134.01110658173423,0.0,47.61516487016294,9.022459746988819
197.5520244736534,30.806050293819286,25.07582997469252,17.761636912435936
171.16684221509087,6.882526546779598,17.54105202265878,12.05164334402615
93.58110827214294,0.0,61.53125391007394,7.157757363030661
129.17432313543603,29.03315239141316,68.42483645408228,14.253136889481846
104.71628125232999,60.277088111605366,51.87217834271224,19.0414162717124
96.4430388816333,23.173866334841808,32.41211147757069,11.687912922536473
219.9844392112845,35.71291252426146,12.951087311607225,19.725918575087384
177.69379190012492,24.478904871363994,12.46806614213246,15.673055573055604
87.55327586362446,21.795804189573605,41.93363658136293,11.011391474224094
224.27696029430817,36.90935316122369,39.66613621224716,20.120212576726075
173.42546568479844,18.954349233731744,61.078884323587374,14.385739183642498
216.83015644223696,27.233922662199724,44.71990593972666,17.950059912057707
201.0988033851917,28.04018594098433,0.0,17.428521537730795
75.8697664284166,13.344988522341664,53.46396830837479,8.871504747586929
98.94858459579834,37.99266345824684,8.817616023861156,14.620845531074481
211.2008217708721,20.666405878834365,22.191635255264394,16.47763428048861
199.44537300811785,12.043595831196544,36.003015425675855,14.299662600694644
145.24800961244375,31.22945926862592,74.01688557977158,15.397011512920725
157.11555289280196,9.92461732345104,98.28373706992716,11.89834652162557
256.73544389428184,23.682400265823034,43.76759145891558,19.10773068627008
96.25359018575027,23.128611996945395,26.564230301989234,11.67677820508106
194.01312785023975,39.386084251149214,42.19479585430666,19.1995137023018
129.68340423680237,30.311754079833168,49.88591095536378,14.536723609763298
128.35364653681668,22.892429519251007,23.570301367800504,13.104404597009282
241.37714750785898,35.40522019492837,69.65122744542492,20.58811304465982
217.90799028420696,43.904146195529286,35.56462383046063,21.151722661954437
216.88574853365367,31.545703174906322,41.39415801231656,18.768954557755393
259.12338601353207,23.417703371288095,45.056911792671016,19.165773039844915
148.84576878305978,3.78741778791305,39.73557494317019,10.423579762441449
205.59105155321154,7.450460693389882,48.82496706580826,13.701670869537805
120.40478455876536,18.73238705859374,17.111076888824556,11.963036271778437
174.87355463188447,14.214688643994755,18.39495778732713,13.602726446531047
135.86916745557286,20.488072743155463,6.594158096213544,13.012668954126442
155.37001450007736,24.105070624791647,40.12573065974208,14.552242203778157
198.13925190633853,31.128247245933604,47.51816276727503,17.825971200398318
76.7947881039279,22.21731809500361,40.52366168208577,10.599963959135389
326.6828116290062,30.48699706978003,67.02213580285147,23.56759149379684
60.671645991819545,24.221239333431008,30.432126427716955,10.250363279345539
42.79926390685161,0.0,45.11827095607535,4.8507726157029785
246.47122461233943,9.317866655551663,6.7782605494786985,15.968222738853344
215.01009600919065,21.124759555540603,22.123502353105017,16.738448479283537
200.62583026201293,5.303892991623584,45.701853100901474,13.072987041417889
200.98862383978673,32.17102737355491,49.04627292306435,18.151381648150778
145.99106266990597,45.99076550406832,24.151805307763887,18.265701060797518
70.00941115587109,41.35872464334412,28.994667041461256,13.910124540949603
153.55064245291138,20.095054425285596,0.0,13.754601031536756
88.90529839643153,45.39652648773843,22.77839640735202,15.54258430864808
230.76066002817777,25.47123736778599,49.94531731930189,18.249844053355755
134.41700081666377,18.259348910846953,43.081171950201316,12.488174697929232
76.17006858928153,14.156927706254045,41.45780891280687,9.050779184427718
119.45016400245827,18.773290283135186,31.63800226084937,11.91198830208737
182.4944146572381,17.500812848506108,30.707825853685392,14.558250940576642
98.64435902705168,25.794137134132406,16.173116271746444,12.299503101188751
76.45139585610238,25.64801125530508,45.773519194774906,11.225590683570921
167.9640794423476,23.309223679964514,39.72221013913307,14.978982732463475
168.07391788522102,29.751137628008482,41.26949193584197,16.19689830137046
103.51928082345712,40.941298038068965,19.097686613690755,15.375262448923964
106.60186599607061,37.36184905133921,0.0,14.861316005397772
166.96497015876213,1.218003216343682,54.448472911240856,10.753122287411028
22.718324741170676,0.0,20.12558060231011,3.957705296728979
26.205772510002745,37.135669431664404,11.763933766238036,11.127170644050405
85.36102004951324,2.9702127976563695,45.65701428208624,7.358011622071385
128.71715779618702,19.926950968694463,22.016505351292892,12.563570892162966
173.73523160894385,5.891555187547354,53.63795262110629,11.944906643679877
273.7080812986556,0.0,43.99153863094362,15.419401753112094
220.67621196814116,31.302993801664208,45.44119710682886,18.89246699579963
133.31109965266091,34.53503180011718,0.8053684835487722,15.549879145681127
145.40987799290912,14.70466009233384,56.948468535258655,12.30670705761665
60.9711070157509,0.0,36.24367626360481,5.6916079031011
145.45306884757932,15.154012913253824,22.51165320002254,12.429128123013184
122.25993299981072,29.081039302670195,33.6768030628638,13.981781239457229
174.74925554247324,1.3068821499821865,0.0,11.182613606801612
76.02121908525447,25.986309739518735,39.453894635833876,11.276239781633086
191.63059836298538,23.03669759081262,8.135708221324261,16.043464007807355
278.6346288459786,31.864630351953984,1.0947067250773692,21.69680791892732
137.70498051274046,25.039386911060895,0.0,13.961585018031192
181.5311531195512,8.817031119474946,54.78681823033768,12.852032314474721
206.2942853556798,41.02926875085437,16.849511141202633,20.097641679398727
112.59602279233448,20.91034168048908,63.95647426380736,11.967679105956494
166.28178888974574,22.858614712252887,18.884983091458203,14.838658463550981
148.12361095249224,9.407948701407822,0.0,11.491394636115482
155.42840684712965,16.68267300537716,6.237637565414101,13.190728420884614
80.67633534313676,10.127502946286421,57.46827269997176,8.480728621792018
149.14680229294683,20.696302850546704,27.158752693300748,13.638237206798623
189.79776298100725,48.67740916990317,18.613058859152453,20.78275855578343
271.6293262305038,2.8956455223303834,34.03897626810097,15.880510077949847
229.39996419271642,0.0,41.48213595430949,13.394259970780329
331.9023355363117,45.10618511793926,54.88940513695406,26.57520454856263
81.1624610001406,20.1562113092723,62.10031551273035,10.388882835282349
221.93492208738817,13.330404724139619,22.718735073770674,15.585273291555676
162.78318788710968,38.703266455172944,1.6745102310187399,17.683594436081655
335.0463585115489,14.272541647404358,21.549299025957417,20.94061244830373
77.64666799618381,50.37441777086188,36.222550464527316,15.951870791595331
74.9488225226217,33.329036047362045,9.564659766317202,12.642496121422116
95.58210217263101,16.020072428384985,9.708573139255627,10.32336233614139
0.0,55.293143376534445,38.041225921153945,13.323839118477691
101.90420412487032,14.271066123011709,29.494418882244627,10.262423224878567
81.86774508060367,34.281748378740126,31.26827332771171,13.116235683107865
159.95444368442216,27.707539829138327,14.035017697778716,15.468289493229149
176.38369830640423,42.59070452044379,25.53619020438773,19.014159410692926
308.11971459718006,46.44745876425445,10.425476784584827,25.785802692821647
228.6404128029471,23.739159494025103,49.94129366694219,17.826267194482824
97.51287721582568,12.078148649054791,53.100302734281605,9.623533997084078
69.90979449727759,30.093118632570473,0.0,11.811742493407072
189.27584479835332,13.202089229533858,10.310535410580297,14.079324296973892
33.69488625366081,53.15637626175936,0.0,14.502496408458086
304.28099368466957,25.291114006390426,16.397375196587326,21.61532315307808
248.30243084368908,17.840140639727196,28.736836092399603,17.635949831856493
106.76178269100157,26.005913259772775,0.0,12.727699769337622
0.0,3.263473043152384,10.47716466367229,3.5432820120535933
263.278178751823,8.838631777345713,8.689193055397258,16.64505429735644
137.20876905820873,41.086316223669854,35.06799657919281,16.927821129070544
253.31427416261755,13.51121599119475,32.06422402361123,17.045730685371552
10.154130994842774,7.720712415685968,14.83555148094481,4.84378383525314
95.58361513807333,31.231581010638322,34.40491473066087,13.165635264256377
147.4926938347693,40.867923323671974,18.648061717802356,17.37432325140501
151.07598299929285,33.938162610019006,24.637726353361792,16.225629069613333
108.40247265444049,38.052129921523424,66.9994785660453,15.004347301995029
200.51680528048666,12.028007734547513,59.74739299574949,14.321122868117229
55.3827633611631,2.1546483462426274,2.2509129920953477,5.877342481624607
134.81861804658695,45.55401424034363,48.62442772642132,17.64666719511169
157.3703895926445,18.47323400771394,48.225097909956204,13.57361537079852
191.20925322884563,19.539930069609127,5.546409211461469,15.367622036905193
208.13765190864802,42.983444972938145,48.38584785439622,20.517704842425132
50.48721207765901,31.52224080763014,64.048036126569,11.125857931121582
15.332299451614631,30.032478757844334,6.106522290549833,9.296254871800379
256.7364678013553,55.40737668070423,10.572053942855273,25.12332802445564
175.57306571525103,13.70980763216024,52.7172632283596,13.503944944453782
82.78176001194655,37.03946532761408,36.466793433908684,13.672584246967187
280.2154682668472,24.110462985884094,42.564392699882426,20.264236659161
156.97365738821964,27.25173831047508,37.971563405676015,15.221108597547348
248.2901591261214,45.956879058745756,39.06281832505154,22.925524256152066
152.8392476586072,30.803740566467376,1.6652664646445174,15.739225377994416
323.96643932827453,31.25597916592974,53.363135229979804,23.602425004187424
297.7459475003287,39.187311777079465,56.026056981615255,23.894985000589323
125.66787316253775,17.845616466154873,25.55818596107579,12.02795296404386
230.4559820199352,10.804414210221744,29.6071319947884,15.491864880069352
202.45075928764146,7.751917270863077,0.0,13.665445684658701
264.54531716842297,0.0,41.75375934571949,15.00239278173958
64.19973318955681,53.79211488490154,43.01262212094771,15.973770430337941
205.94292417089372,6.884875912577218,29.199565421209872,13.631505704498277
237.91272601546981,19.979089671086186,55.04086551313888,17.53643452356298
0.0,19.154205759123634,23.27825865570426,6.525881073885502
45.45474403196589,27.82800858184789,42.850338383219835,10.221067615143555
0.0,35.375094732470735,8.347116985061291,9.599496502058468
123.91278197074561,36.03928568282939,30.04106663617828,15.373033645622796
208.64654239503875,14.607160534637735,26.75680472555211,15.213652631643466
276.0262173800211,20.78277580621887,35.46089580604512,19.452517985925525
153.4038507878606,27.459410601910996,22.50621312731447,15.112935318068693
286.8660439156106,19.571730305746385,27.690708188210323,19.728341891024236
28.55494326786946,47.127953047327836,48.54416814155882,13.080365772745846
0.7999015169379504,30.55341141725179,21.041877281362225,8.7139009489046
142.27349473218032,34.174590257286994,0.0,15.892921492957045
180.01614581362654,33.10567170236172,68.6575244748723,17.347445601045635
144.23551737087334,40.68634243530724,60.64016458563098,17.147459762829396
0.0,25.95159253884657,2.4103007395270986,7.829042879614968
139.39116706727512,4.010183535140381,45.574884779804826,10.026833053761763
35.04826723806622,29.198090749685207,19.599903180819275,10.027242673269651
204.53672526086092,13.593428492290721,36.29238815849336,14.824556287049461
178.51651245302963,15.415728998721853,36.9617957473295,13.976614312816583
66.34983871704593,31.969634694228297,25.44892139531865,11.976198905253339
102.92484824456217,41.6485524676553,13.484664742941387,15.487220613417255
56.10453198379989,23.579815040676543,15.514968248169627,9.935899641074192
141.661233970704,27.849184805358135,10.600603657414062,14.66137474687456
229.04551449868296,48.536460459821996,12.438059521886359,22.558751445064907
62.413743076148194,26.83841651442268,29.090949492434774,10.824897654708106
190.31702865697497,61.890692733096714,14.965734585771704,23.301407212612453
101.51763712447212,31.66001379597434,45.4081533312864,13.506560333363309
78.97100849127821,0.0,62.94417011061198,6.487665435763744
137.8534901835917,34.4487192930046,17.921240390045668,15.723729941404036
58.16256100781278,28.922985806251283,35.76789984419591,11.016420408905097
99.50936170313832,42.412713024304594,41.43645255594305,15.445979500083864
44.19960833327292,33.258595063260486,40.833558493272605,11.189547731214976
315.72247585524286,21.208370426494245,32.20820098063288,21.35281519016135
150.07002532428382,5.087077711091865,46.72859879289357,10.717377122711873
86.96810088123544,20.16067158569317,41.05671709020676,10.677249369023492
165.41358182281883,10.636485115926178,3.5994193780460684,12.51054564138223
137.39866107705075,14.645079118458126,49.4830203758367,11.936589104307686
128.07132378326406,32.00251125564666,49.87797071832783,14.781714036262914
199.7713130022755,48.05675351852995,13.930681345781434,21.127040250077044
212.0777459487662,29.12361289054839,31.38023373364759,18.102670678588964
101.49672910771582,5.508952380951278,45.435963042401966,8.575314582004182
97.60606469325703,29.86493097427989,25.995433687118105,13.009262174698378
123.42814659392621,41.03015933642308,53.9219820703544,16.26700769016523
0.0,14.210669580680188,82.03588277092814,5.532915488315819
16.956928483768905,21.2742727000764,13.436308210867885,7.711816105314184
264.3944463699491,23.482072824286803,0.4767532268257071,19.46538842663776
288.26994680533323,11.610764522971253,37.17074999737108,18.28187451789497
125.6617010089979,32.88889589392365,46.26863621043696,14.842293274607675
196.5423577551955,21.468305917409378,25.52604877967011,15.95451766889741
173.7646443212324,29.492718137899356,62.204012966008975,16.386893128339544
411.3774605145512,10.087572990829822,1.4010118355797374,23.6657897648426
243.16274901854644,16.769140092567223,45.64481196295678,17.18127645677175
136.06023287217639,33.98905817209059,17.359186903775814,15.555585364015759
65.00530520423965,17.72861733634405,67.99967949742197,9.185661446839473
9.122277993391862,48.903902753403806,73.94823639158385,12.49950002027835
164.51071507523497,17.33067781228806,13.857276861310769,13.720640071314813
82.10658437740456,26.59985124803806,18.585403507942473,11.692056272028251
24.93599391644662,37.10999812026422,49.274638667920115,11.025302768782991
91.53147880143041,2.205794621126593,22.12282836326319,7.52070126154741
54.18702211177266,0.0,29.56500630283825,5.388065736348512
291.89075663424035,0.6128718291609658,31.10692478468211,16.38043787681663
222.73500803775624,42.00934525244746,0.0,21.052300613979078
146.35801496834912,15.07066741562057,30.25263297455385,12.446798320649572
274.10197383312743,61.24509662892768,15.532680326858015,27.01349307639584
153.68489696806313,14.886723574622321,19.814465024133128,12.75826106882938
73.09760264486637,26.003997981779673,61.99431403390437,11.122390748103863
277.8091544668355,46.15941219444586,3.1890127685021845,24.35185301129149
193.3102102429801,53.04807830016769,48.26448742610434,21.73674363364335
57.99052354972679,53.87075021830992,24.478572112300277,15.723662221283616
130.70111815194267,41.204382840542685,24.46120936460796,16.66326436181245
71.86696355225799,38.468060905188146,47.767209845534595,13.430681501776874
28.32328512159657,32.06113454652739,37.9598482100647,10.240197631243657
226.55876603534352,34.82017836800341,42.981164111977236,19.827327129970158
310.9740074745405,15.080650849040405,51.63972662341911,19.960084069995865
26.96954901496379,11.116357309674692,23.338560342026376,6.244694655906704
195.37579388485568,23.213900074746494,17.220328295740337,16.238844310200147
91.18207911407575,20.73730138465409,6.920918129374314,11.014228268481068
105.2207221872755,16.535009638350765,12.577697031464151,10.858574788621386
96.18297203688036,33.60313154506908,94.7812093058001,13.577533097057929
72.86523228600974,37.44723413664644,57.661404654318034,13.27364527022749
151.20828731195923,24.57656017063431,1.1294636537079619,14.491130522287625
75.70191233974637,45.20060716547658,1.7526895851941582,14.923213378353648
170.2623642334822,6.313559583950742,41.04837825311926,11.878594191336271
142.72934547933957,20.388774962914013,42.47267252036576,13.27067824786673
126.52779791734551,12.621475792791722,42.50793293377108,11.064814541477817
69.12431488825727,0.0,25.001414441609306,6.076400339132528
97.52423788572239,22.036455634738697,27.82177923881937,11.527719990852312
211.89603681225253,21.456437975359393,37.69476383738193,16.642310926855867
190.0483626005027,45.73389953563748,32.42463121674329,20.22495782714723
63.115241002187375,32.62954070668233,0.0,11.97898385822055
155.5705992240254,8.058093658438061,25.549280976870232,11.551208018730714
211.55226765394056,50.79135852731665,12.011542088765914,22.183737685034473
3.716984489250194,41.39245427513703,34.36986305898807,10.877057457756184
193.69227436070085,31.906293525284593,95.5688239224865,17.719289701248364
90.15344321159058,19.90143380294002,38.55724385747375,10.776744513946792
196.030812934369,9.01938873623753,23.72575584323029,13.585980226154058
81.51346800468133,17.737917021596118,50.62956539994342,9.960926306862731
0.0,39.42844299756515,41.066276478877114,10.329728418721587
7.311086925437337,51.24409326023188,39.703078623903096,12.893336771968022
151.17079637385604,46.17624217661454,43.770368975276746,18.517363534216813
169.3407770390952,16.006145918858778,75.34268253632666,13.62818144373989
69.40308676478595,6.641253617646239,5.924809556366533,7.361025736960241
201.86836786479086,25.35571122343724,40.869053417838785,16.91523496080547
4.393963931999934,0.0,10.378696618169737,3.1292097454198666
141.36926935129173,28.062009384400092,42.652299295692245,14.654883499844749
43.0716290044121,21.072572567314698,10.5462747968791,8.871917975932877
91.07960876216352,16.344844987633014,21.46432641591243,10.16634018540208
151.11187672821205,0.0,24.127348644540415,9.82943887567367
73.17236760840622,30.88932277510051,51.805942338499655,12.057413070836597
114.02677742948447,15.355092285554756,50.55667109207815,10.999728024808736
233.43700064428927,5.894467988222225,3.423993586414781,14.72978272013669
97.51388910581045,0.0,31.750389174567026,7.368637123499254
218.79020807574534,22.85549145521281,15.100329388763663,17.245025375203774
50.05238073365334,49.57628126791604,3.145498726982847,14.572872541071144
192.5284330913643,47.92839855054417,25.827667943313042,20.759030613770904
270.80727302211943,16.477579103322572,23.83567031501045,18.41407713106564
0.0,14.323072456221249,83.40453823871148,5.552686833817858
78.62566641860863,30.22380192664634,39.983267874843655,12.193776643128876
196.58658677770475,8.441161900106039,0.5513907905600277,13.526445146355226
129.61019344401316,27.744646747533046,18.254001103706734,14.082214241389734
178.90694551972328,34.63784770680372,52.79831952195781,17.601998425693104
95.18781304899605,41.48004344691182,76.03740329328734,15.036470901250777
154.47660007615602,21.77703153828674,0.0,14.114080327441407
133.67694984379682,20.240094696927933,0.0,12.872432980257623
247.30153708605167,10.228760074426344,71.30104115650241,16.11101051054009
168.88560720422055,10.987465172047369,39.03925944227389,12.698843340399593
176.02711873034644,19.901511109507894,11.643781815619448,14.734659932240433
111.68111761785428,28.718205577606312,42.19748415590648,13.420400308487906
105.17944000986012,36.82781661196649,0.0,14.695538039622495
109.90554712298587,11.339355384933496,30.627513878317497,10.074710797130296
180.90788744666804,45.425662342790396,37.6934930261894,19.743068851786767
110.89919889874824,19.238679632165287,50.68332892136297,11.588636883758829
171.9208990421033,22.946763858197745,8.47274448530779,15.124151725444351
325.2244506150545,12.170290785487662,32.420148198933056,20.08350049477886
221.83224614817874,0.0,10.399527954416474,13.080174027107553
119.05199862504112,36.38925330284296,36.1159059831489,15.210258416936465
250.1718039382209,34.203780732755874,11.054591926089863,20.824883577631624
112.00750049031345,19.087183443468184,21.666126560046564,11.640901479698346
0.0,24.25859839521236,8.866514091699678,7.5031643886395685
60.494019636673286,30.924051111754544,44.73484932489813,11.49107651465132
0.0,0.06517983379246317,49.24988137807203,2.900081315354494
116.8635782732408,15.409255855298404,25.44428756597936,11.16581859155926
148.62379587947734,35.05629613371606,31.3867707938598,16.31720524097372
290.9717451752115,4.641804282519416,0.0,17.130227564855637
175.1106000049607,27.622398601028635,24.027455908900713,16.135486851407812
128.23179142292244,3.123088814893709,29.460612681104593,9.365602646465181
218.25048276783093,30.1889969432343,87.63125902576206,18.52766061670748
0.0,22.734837713573473,6.336891760724548,7.218514227119373
167.27100795108544,0.0,62.441760923184646,10.529204850790054
213.22454252290908,40.556662935599576,52.26420925686675,20.28895955632968
20.09960704284471,12.357659036858477,36.665873846877,6.150489837843892
245.23862991161928,11.234336683121823,68.85432872414523,16.208722117270213
176.10385056077286,26.241812597905163,38.65794399984421,15.905481678814636
111.3882733012354,40.31759953958837,39.02935056827633,15.597119248612414
201.3695038684775,8.182287296639137,29.397105439236142,13.666600789632435
341.9911012125126,24.17974896070758,57.2016427600104,23.08925303960946
162.65648843949938,29.630556752000516,54.43358770427287,15.912580791143347
168.35328887445408,33.55440668996845,16.927611588344547,16.951968527740355
107.60442077704312,25.883594101947395,1.8226155565485023,12.74131101873926
74.0797606730757,17.814807710788358,26.133361660598293,9.660636170293525
218.3303474143218,10.976925917965096,13.130263449787527,14.986557783078434
73.54407690504948,24.54296179328373,29.170522375523724,10.901428762464118
153.1867646424025,7.346156678723627,57.50369594641481,11.274738700240865
106.03358468785203,0.0,20.594600645035854,7.77011202418203
188.1649471497042,29.74552010631449,29.621365815391723,17.127382910841398
175.6888052366354,36.684548093297145,31.817655141406195,17.862353128425312
236.1196995604742,0.0,49.03165449124231,13.693953704483745
103.25543156824612,8.272720907853193,0.0,9.22399379924141
123.87259352985237,32.456465163755944,17.34090431768656,14.708901552841859
63.01148864876825,53.811242619641234,35.15546742351776,15.931148735700768
108.89804145630458,23.572720209921822,56.69006456831076,12.307919419911887
179.43534569160406,12.455479251881473,19.841043106220972,13.478331117105757
212.03317958116537,20.548571439916063,0.0,16.5165351789844
67.87070033664033,43.67652783590727,44.050460610989205,14.233602392605539
221.7018521655944,13.673493097897559,16.7166834387085,15.64551647293945
263.42975308727625,11.398548782144326,4.644700907438821,17.138808371766338
182.53763788219874,16.096799045131796,16.956618485155918,14.30979707200935
308.1733712061901,9.110112071000398,26.53529220052043,18.73233384333966
80.60941924223837,25.085262773155055,17.383495246902577,11.339240621093902
40.183620971439794,47.38529104552954,0.0,13.711428258819161
0.0,28.060696316728986,50.090864569060514,8.1772039973069
275.48424185616625,19.517355708993126,58.31902014050542,19.16542985093114
203.22256369698118,18.931533774955266,44.743250417342445,15.762039517462817
142.2703205281674,0.05560435733987035,5.77677515039727,9.454329873660289
171.07899260482202,36.375362342912766,26.16579227998465,17.59895966135948
50.41449736340442,22.108365989143085,30.411974748249143,9.38262936886542
357.0206684256773,20.584449162788566,43.594915970503564,23.11337080711531
158.1366858941929,70.67145873877288,45.10953409482412,23.45284921678104
156.4345065476293,27.69952742133077,14.564707206825183,15.305140689578714
209.3526392376713,12.102301738885302,32.33975013357463,14.767933565145452
188.33918025117615,16.933950128326305,40.51293654900164,14.708691193400226
166.26389192759316,40.31475429363398,62.259802362292255,18.0838446328155
79.1769193012999,24.945704170560486,45.89718080910232,11.217789033087598
187.52005574855525,1.9101613136363262,47.738566414452265,11.831272550832002
308.6222758708134,36.91161658085094,32.379628345845475,23.988232463664417
262.552510585404,13.34419225981681,61.271854931614115,17.406723599136818
283.82432113724997,51.07649461364313,39.47806856693488,25.516502970088695
103.15246850779144,39.299267532755536,11.800692895693803,15.056473954615317
62.08073390314766,16.62269717483247,61.11746247552563,8.850460583653035
136.24316003644034,42.28300547423115,45.753370754591735,17.0981562178317
151.8267197882611,24.27143781635187,20.90511224906828,14.44139104486055
240.9834772005729,35.9249680249997,20.111304468273687,20.719482255230716
1.7372417258404766,30.460735639797733,37.01300634759886,8.722755890058078
278.36087458251467,10.698304248370038,40.64152603430154,17.652762283827684
133.4768525357774,13.709338444227267,34.85075344755517,11.595874596862313
110.39295174237338,38.55563171755823,37.33387356265611,15.221143932657315
60.14905179106117,18.293654527325685,67.57672710254971,9.070382012485958
4.966044226333935,17.271108291992327,53.890732024639114,6.366369701749344
217.7151818429471,9.083477324550092,34.705780260488574,14.579048604878887
153.33715808112188,29.5530944940695,51.054446229824734,15.474986816381504
36.293892076640105,53.88591389709579,8.06705339836219,14.750609219441603
35.85450105682932,7.414542532787527,39.22030234218348,5.936930936648728
118.21396107621497,23.62358165157093,69.95819697156918,12.730082491807622
290.33506844686383,44.23096910091589,25.805261118853274,24.538063414232887
124.75548277472274,22.08157946165028,12.093702058737424,12.79877322500344
17.991309687909308,29.980277735600485,16.352403342317974,9.397472042614648
125.94441690321572,7.490846017606646,6.823295226592133,10.107861161228556
123.62802619423817,29.622993741040712,13.462967954371056,14.167537932171859
0.0,20.48550480906312,22.484844603205723,6.777694067853052
142.38105569929334,37.898945145084554,0.0,16.599996672487684
127.21579227019187,40.892894126026306,30.89414577321783,16.438360559153374
206.81476576863432,61.710757242594866,50.204352459153355,23.985937240405285
305.7832135113273,31.869703114879115,10.784322338754393,22.930156730049482
243.76288027090456,28.101035742594085,63.641908519057345,19.32647186691579
123.95726681869937,26.149986632361546,41.678347223359665,13.498566163981105
52.04256314232421,18.020607443184787,52.99862381784915,8.663038542926133
367.97634067149886,28.2894050330919,16.227270677175476,25.09576246533397
152.12665342807867,18.878231633294682,49.16438091723644,13.409017353983119
148.23838871959342,25.765107968306058,6.773185602561124,14.573435780317062
144.97125907014004,42.82611918216156,49.94236277316085,17.59564176207894
164.04891586134545,8.320054605601824,34.2964238265054,11.979527575648914
134.64854708016435,40.18755948108872,42.603048548498776,16.6333932900812
97.79118649641975,42.8189560678516,4.951170824283576,15.481790054740339
100.09234322782693,21.511059110052134,11.060613281061393,11.563584998702881
144.23049299878963,0.0,43.56080691940702,9.494352711302682
100.3871812797069,14.239782944529278,9.900288393031282,10.20742816810931
85.84166971794912,42.52023053532427,40.64199420564485,14.841576945370614
156.1799859193096,22.924482242819764,0.7796240790924998,14.407555222807686
125.15162572063218,8.427550447798035,49.026064582679986,10.20439117632862
276.16666945774296,15.769703067609063,3.711342053017315,18.54677097836414
0.0,35.744525123179,42.58233093186212,9.633626423591302
240.7529872042924,31.381248957291714,44.179378888727285,19.827336069806343
254.02419258519916,19.716620717566133,15.379270755454211,18.26543543126011
0.0,17.817827956627006,43.22973592248533,6.2532342253202895
117.62131831563843,17.447641517937317,36.226073303468226,11.573607151721971
115.15272811378321,9.569152008596152,18.818767522052504,9.993361194509887
26.201658345699414,47.247174609374795,8.589069940588082,13.036598502131895
80.26364229389395,18.478569500046078,0.0,10.095891522466227
51.694858917747894,41.33492029584394,38.168895806311596,13.057959518546983
297.48234073732044,45.85068911953503,0.0,25.197294417961942
227.3744538800356,38.085731403292385,32.630465168784745,20.491050342113418
256.2108916130539,16.85581558051687,24.81646119135946,17.816370276682186
209.00110392823538,29.258103609905007,45.34479300149051,17.972736651840208
50.10862242215046,22.904772449012384,23.975865590628004,9.525455052449818
102.01021310685779,9.846910921591189,23.379081575056013,9.439533253290342
189.05737922616612,28.079700360239798,46.493134571517444,16.83666338080481
42.117650288370086,5.759021209540595,37.85110177432574,5.912866813647152
208.2564357161787,40.89724924295761,37.43944071732398,20.141187246239532
126.4095464740571,16.365915647063513,40.774000910247345,11.767141057586727
114.86254581289217,26.25057902468782,0.0,13.144555162327842
208.08142512058208,27.469920970768577,47.035813716322664,17.591767351839557
185.18438733036606,19.42008726065459,43.89272564024958,15.029518181845773
116.0520254980824,31.974530915344427,8.412043629809311,14.269400588442517
246.57587490495007,16.21319603306063,25.238263909762512,17.253836461539446
54.22863360085752,36.19998471105923,29.697941486567057,12.214615882079876
199.92318115335914,3.2804965323759347,27.624845528514108,12.678114354971747
197.96275556028687,25.14033350129002,37.825009625058016,16.699049007059394
120.46662684869831,52.050908855158184,61.72719442235797,18.201119028723884
175.04240156166995,8.412271710636945,54.11338739771611,12.479466281587529
39.62909935622639,13.20164975250944,1.9756757292251557,7.2393585525793895
226.37413406834938,30.89389177802112,44.101826453899,19.077491956843147
131.16786828269224,25.93021644797356,59.49633488584118,13.768637468689372
102.16451426911583,28.469738175335635,38.97815610920005,12.941372797189436
237.10438597151906,30.526867972739982,54.314049022375585,19.488768016756758
86.57161034522744,32.68758852375418,74.3784750614823,12.986232890423972
26.120131021601154,39.73950179634865,52.848982053440245,11.571526399715749
13.399291081598705,29.34849939625139,35.98359737626581,9.04784353094049
199.07102157201447,19.682093639588487,53.31458561980223,15.704656027360711
37.11221578623936,33.24957339866648,33.709457181132365,10.87088607506346
297.6990143841115,51.471184544639485,31.07457531658984,26.234602852481622
0.0,21.29481207713758,22.900682603131326,6.929841351763436
292.69046594110364,8.7953493769706,64.60298675588591,17.92492698898851
165.15924349578697,39.700615439528846,12.729752401071089,17.96889426265473
138.73926963872918,21.476723830375853,63.92685566095462,13.270926294329398
100.25888794860052,0.0,41.440351221722,7.484207754109235
181.31002628339687,35.845507932401176,0.07904138198476574,17.99435065188124
143.81140136437583,15.31608457651755,38.56089455361115,12.367902189864422
241.76564050532926,21.919869633537918,0.0,18.135761583338656
156.84942754192704,28.192848618199577,44.176701930019476,15.386413016867378
159.94654294709497,26.092312393801052,49.833120822340504,15.126268780150067
115.8248512056051,33.79709574874947,17.653304240413078,14.593024472779879
142.15347696395162,16.79841695732724,33.24469842568972,12.577007532814768
173.46858580460557,30.881983872706048,73.11285380842827,16.62394456130356
0.21729867857155227,19.410560005603,19.53953428754674,6.588035041813763
31.295070174222005,34.232978227090214,7.492453158459192,10.817267756775331
210.8548711726122,32.40024360836087,62.82258545254858,18.631828271538375
161.7120217030866,9.375720094740947,73.29644228511194,12.03114282774952
131.24675116277186,39.387369247582605,30.634486635917863,16.339268727462176
148.62513124560945,15.306653004989755,52.58226994033997,12.571875617447754
176.88386187085965,35.261079934395205,59.76949532835733,17.61967815579102
100.70184485346084,28.71704465489739,14.383717420964917,12.946575503761943
80.2217421803002,50.5551622801254,19.98470822080061,16.120640562394783
163.8566448123098,19.946243202360034,57.360749321798345,14.138684814868748
63.045052346566024,18.077760186002493,67.25128708348964,9.162551529080583
182.0927285653227,22.975680817108437,42.81276883099885,15.559486075622766
0.8684848958765201,18.762747618187245,11.392856786788666,6.504156389041187
235.39987129177564,35.1405847701551,73.82945053467577,20.260338519347115
187.61699593692,0.0,18.99018614026317,11.505412483923472
169.0237373134266,7.6201781906502575,23.255161335203113,12.086706036270725
231.41068396018767,7.41053378555827,38.00964589603044,14.88699059228857
290.0305365313303,37.373035476696096,64.40147052498618,23.191156978165743
234.13046727283523,48.66115031692627,49.15241899853814,22.776879394284826
0.0,21.71326238377422,39.5891984313661,6.9914175760920205
37.18539671475979,20.75753609100594,40.643785236278795,8.511916852243747
93.39917817657042,24.304051098119256,31.5016894693,11.762630025594346
149.28252719050505,40.51418544475463,42.70950886169575,17.3645805480539
191.4857198738999,9.495764977750564,0.0,13.492402181166629
84.73431916143986,26.80301880018082,24.09429861104118,11.84490136447195
163.07721793318586,37.74257311843178,35.80965892057125,17.48051610659524
82.18967521748961,30.70364952038755,5.486500693050942,12.483138073114807
94.54110603115586,26.07868208495113,38.96758905969811,12.14171534008521
26.27468577620492,38.12634031289369,26.10089880575344,11.30222113176513
67.77901471461472,0.0,68.78583962485413,5.9694071171582515
30.994650446191955,33.32828551430979,64.8122001669717,10.573488583270127
63.259647125486,13.553063145834944,20.409397125703187,8.36792930844954
237.50211179723374,0.0,27.26896267163847,13.779797951720644
65.53258344111121,30.853727445508795,28.94352400668302,11.724789868927889
373.04365186567503,43.65844629324799,20.717479520593734,28.220533213907103
189.39593164060227,21.223328131774828,34.80137518118754,15.571655258811317
162.91146424323128,37.41114657115022,14.039662333046522,17.433032815169703
73.34884829758217,47.20118763524316,5.930757306176119,15.188360990349969
207.16706988044433,42.786283975348525,44.11579163721644,20.440545887424136
97.62155403438214,47.61224042326243,44.264286121399735,16.336917782278
157.51755945930097,34.28222524433325,13.037112035916568,16.597327223390426
366.8366029346714,24.383948842235974,50.05360644229093,24.27221246215177
138.79535066865353,0.0,16.799108106452984,9.273380425887666
245.71248374535085,19.610757193321376,36.06758972872356,17.843630584063778
86.67182502616978,10.744478710886536,48.419961207839066,8.880816093024947
144.03858986857193,55.49557225908322,29.821964697907514,19.962405462693376
299.0732362384405,20.6526569060217,40.457629905285785,20.477541237466333
93.21472205902637,25.093198255916004,19.306874595999204,11.915618419368574
302.64888680688273,31.451798141520477,26.275228772079455,22.691856040335466
207.80600191892796,23.911357200905957,26.070665508822966,16.93001781432872
98.75234450308909,48.430099341141656,14.294553264448833,16.573952352111156
201.3373834762494,14.019643742665346,26.70410252745419,14.768441692581481
230.54041954736863,26.153299752167147,0.0,18.420171977926294
200.42751943915923,12.240680895222857,19.857348767572383,14.398517651175668
12.232055831014407,3.6658776676591494,24.349804643714812,4.164550293556748
84.61469307337686,14.181181047451016,24.97475830389649,9.45891796309803
125.7919765710175,22.714121741725744,25.294518692908614,12.951765447458738
140.65207478831567,16.890231793687505,29.208860909851502,12.529793400556416
200.32982893718557,12.983757842237102,40.995575036642165,14.512208426696157
162.29888372751927,2.3846729757506964,49.59977577434656,10.764563255244521
32.39752986552358,22.030147421705543,16.403009490414814,8.557876895288459
179.68409614668616,0.9237037432684865,4.349944777893484,11.331701168489671
199.46387286611161,34.54840585610856,7.859709848856081,18.57253993860258
195.10288140349974,24.48796728034907,19.94339230787496,16.463729319110914
239.83210381636428,1.6240110230055933,22.889639054280956,14.197147553816414
218.6382497248789,18.673231837501433,13.784547627131449,16.450954693092044
186.4650550331764,12.096877375563652,2.3263666068105486,13.750607409977574
141.01847642722566,28.002723050090655,20.620317441886364,14.650510360321514
4.441967504087728,43.165411982215886,34.505221569476895,11.244351361389375
183.92704411059898,0.0,43.51292112418153,11.31110097991609
164.87336777339843,24.97177024738459,18.414094679702096,15.173084362749607
170.35869366669954,20.886538941375658,21.559477024402458,14.650666317928648
37.42822605680081,33.23125800737459,10.37178889991409,10.906107840495231
54.22921631001206,26.429289656447562,29.86929822893002,10.3723954641812
237.46013394576283,12.099654825342643,12.07639446741246,16.074787162966615
143.64652247331819,18.527067100252115,43.03593333659181,12.961080333793673
205.55222192100393,11.445556004742395,0.0,14.503744795455702
149.47375255635905,39.23927265896873,22.721761721375657,17.153709728643697
149.59719063208706,23.580409981061884,37.11170257195343,14.192263719315344
227.59813960871466,51.49061531888427,34.55766222802105,23.026510778032517
102.73787395456306,22.36338047282323,89.20455907320911,11.764271135325302
155.29487589826374,12.746419912573728,38.17216210437042,12.409383715147921
107.35420812097492,0.790171265657218,8.687075634201957,7.991874863813476
109.73915821208992,0.0,28.474920359012017,7.931520505851945
120.49876344974149,0.0,0.0,8.45347255655065
166.1136253233626,27.22997841343652,28.798648620385844,15.644810431085016
105.93990270026728,30.816943343036836,12.411187997345614,13.584233784750433
254.85448315888243,0.0,50.48993773069569,14.549831474833603
70.2366732662043,36.55246305444786,18.585770724086125,13.025199689695656
130.99877770161527,16.092084745216603,28.010999393032435,11.938781778346065
109.28972580792436,25.443407837344505,16.71242675110347,12.720002006530857
271.2716812257511,47.20033201759115,68.42378428656654,24.181231876529665
163.91756023144865,36.57920218434127,23.55777559959973,17.312354975752918
235.63072493178765,19.277176712589164,70.46456501489791,17.283665910176566
19.5008486732208,10.03263908997409,48.28510253218896,5.672696954503373
169.96989663389837,0.0,41.052748473504934,10.674909486084555
223.42107256047424,12.586867900799447,38.58449940602344,15.49664681105792
154.10692906018562,20.129389632806298,39.13036204508644,13.745935029773658
238.51850390975756,8.607533937765906,0.0,15.477382654352356
102.6310951621101,21.3152528565379,24.480304300630355,11.62893188852184
268.0409481795035,24.40500524111809,48.96037500307854,19.755968332997128
344.4126427691059,19.925606145975397,29.489086781045767,22.42679199758595
115.89127248785245,13.61353571849691,0.0,10.809172485565654
108.79422124877073,25.767983731359344,29.41270334062218,12.745341266250366
271.8217143548822,29.825408491349076,67.66706790736353,20.93149440929669
282.655460276011,7.075052971335648,57.70958189932591,17.14850286170161
102.15275166916405,44.2118438025705,29.203638189548972,15.918834920538957
110.9676817086432,21.80028081294069,51.275253052134715,12.074095572055391
122.85009760098606,23.54385675490489,22.57198256874743,12.976385967781559
31.61572811196423,33.778724397900504,0.0,10.754075439529249
68.17233869539534,26.726515397673534,10.420405766416085,11.08671158132507
60.832761317834965,37.415037722525746,64.5915619021259,12.709723521989858
81.12382640353913,27.526877690618235,24.58680855846122,11.815626596704101
144.0646554817393,14.17125916635967,25.253432595020616,12.177464720005283
167.15082699562345,28.631173855247297,24.023937610422784,15.961398727684749
280.15953571644116,6.283315250126954,72.02346880906848,16.87016087509557
61.32957626046846,24.875765235885066,65.9651427166862,10.367005747109694
231.5507478088657,22.770640669975826,78.87597342827607,17.746843244962847
128.6706511991091,20.17412873373067,27.09021466651419,12.602779024346347
142.795830982488,21.355628095686598,36.992293651005134,13.461687625772372
204.97861215037784,0.0,0.0,12.319662880460905
50.65205824483908,15.117186004559162,62.719594869791194,8.041935046511462
179.8739967180095,24.642450530222387,5.121371929955313,15.811287283528047
161.333127219062,25.637357347576234,35.27507281024332,15.119056508713468
189.32152719373082,8.006303287580005,6.656264305531568,13.105644604908779
171.86885308892332,42.05572278609875,17.729292656073817,18.714778606491613
357.8404184359368,10.404067315362402,12.319578971828712,21.26402675830508
92.28982068462176,37.6573460606832,17.31531518062313,14.24407586312045
101.45416194277732,29.60647317184408,18.812651062678896,13.144094014133174
93.54324598693205,13.669586446320201,18.613461797732914,9.777678883676458
99.35243614409113,49.6217020509472,48.70286329654633,16.79036983008011
92.32011494814583,5.542301733264935,6.49161215130006,8.20204193555966
249.12460624404,36.91050661906676,35.35708811812176,21.262044352860812
268.9988073932518,38.11945474103267,57.07947057487142,22.376966311386326
98.04151282057451,13.307429726156688,19.377290961554394,9.914470590459306
75.58124792867879,43.93766659449162,14.918716685595081,14.665929345633852
187.5155225805222,19.551607112583266,25.53349159425672,15.180044777574855
99.63181225776353,27.55017922429364,56.24678800653524,12.63418403755192
201.38237785280594,27.128948664625682,34.78139649639709,17.233618186700348
164.4643009859025,21.269943744695404,18.984885293737747,14.455865961781255
16.90944655809642,35.301915710062175,41.09216611883848,10.325582125652161
279.9023772535405,35.04477561748098,6.54759721543234,22.34872148009306
301.2262061386101,0.0,45.39307043265849,16.677304900516894
94.43199495605043,42.629290686809505,39.45290362628642,15.256504919646446
113.7566786535975,0.0,23.850356016180843,8.120178857797523
171.58525480954953,38.59401646143791,12.290757855047826,18.05480672184748
175.75703228467162,39.991976164288204,11.243312388836852,18.510370722728158
203.58131560988244,7.0666295929889635,42.201583986146304,13.544204046642868
319.627075512547,17.164718659894657,57.319500381646534,20.743105274738703
131.85083091545806,6.847813781790418,16.674316220006652,10.246714860372279
78.50529971785562,20.073108475357575,40.53703021406814,10.273983171067167
28.62210104434419,18.69067376297658,0.0,7.772522716689003
84.28905962116127,34.83947114479303,17.821832108539184,13.346144356323064
144.19840904249546,42.717903915502745,29.877579277355487,17.56068780179529
301.11289489523267,43.98545120906646,10.742349778460785,25.000646993833293
102.60337721328197,14.917598584448607,10.158182750597831,10.436372619728811
166.2556436844352,20.15772276503454,16.01068223594718,14.331244800135842
145.63252479959476,0.0,36.91755464199358,9.565408527600955
249.07109693365896,11.299400901944692,26.4742323360749,16.44034922517091
363.99035364275784,37.58896807991272,0.0,26.68342764114881
101.4651669174935,47.25024988951647,0.0,16.490497170571167
105.02205044020369,4.9378578423796675,17.33731339134585,8.658133353398988
236.68813469066978,14.46779620065681,40.521782620538254,16.456410732018725
205.585773091502,22.871958765278528,0.0,16.659500158636256
305.5901471482133,27.423499263569006,19.670565972025408,22.07385881313966
197.17520841391075,11.243971031368812,19.09304746582172,14.062560019982469
116.19575193149038,29.559953406205146,60.790082067398984,13.7664159886041
197.75271941479951,16.228997633877732,22.16875594814441,15.025625729742346
242.22939921054967,23.049429892107895,38.89497188400348,18.329588088001287
217.4843710766897,31.374577986057766,33.63038569469896,18.772142931213196
190.59412454310197,23.35935021436087,0.0,16.065300596168086
238.62104087111842,16.785061956179586,47.28449369643957,16.974727384468665
247.43147994410276,21.636644157275928,35.245038822275305,18.305093730070077
265.70670464131075,21.95209200643681,41.62338998758466,19.19430680233816
202.73699198893863,17.770516846262392,116.06204233038824,15.446938208784688
132.694704839983,19.421704242037734,0.0,12.673189719601602
159.63849150567782,46.99880948050561,68.11551439661778,19.03470530847526
250.62640592666398,31.591864006785485,24.293789464005716,20.33952799658634
76.90511184898382,18.877060102907414,36.81162726494131,9.979125200333343
178.69466538297314,33.6115490482612,29.5628060660744,17.4229020805882
113.27269665462148,18.30784573630652,21.314717748998845,11.552238766669776
149.510364821076,40.68115763411096,18.143824714582884,17.4319734525089
256.8030083295214,28.75200709102579,37.73024581502564,20.072859513318896
163.44916454533947,21.670905543775444,0.0,14.50469862365861
151.0292743790466,29.911167762446087,46.90057909875063,15.441184504596594
30.293089518031053,0.0,21.489859860889396,4.302946290911257
211.11153000854387,6.5350984031815,5.942648343799942,13.826230448050314
202.4600514252208,5.5380232593372085,20.753340593249153,13.22695401411882
332.76708222400805,25.386248851007764,57.93297613149588,22.89382177237215
120.61843468375976,48.98631959220522,18.89514011831605,17.674737353216365
165.85748401974934,56.39168748527939,38.360625439183934,21.121025235395145
168.45314571438547,32.7370229477352,14.634780421653952,16.804815866247225
282.4735466565401,30.699942346438775,47.060492594718305,21.60522679904416
138.86097484269564,0.0,45.483413124985,9.246623926061012
170.9976800104329,15.207025650442583,70.81415085910659,13.558049183160719
199.23299060021156,11.567924963332139,26.730459398057494,14.209884970694503
163.06368375798374,14.046394181283024,45.11637946467895,13.002800046135345
108.71428295746034,20.7676008113193,32.68977576018551,11.795560702342597
163.70594811665012,16.2549612790635,58.776300192535544,13.434402166391964
239.21833396764913,0.0,14.898821983819383,13.871174185770462
58.91181290349421,34.368080853476506,46.77918823183937,12.065849382551464
158.4585098269222,7.337189001775245,26.313761409589183,11.54666691333206
86.93416210522619,26.816052537455015,29.156070028438073,11.942782094932546
249.6423156870477,54.05750961337644,32.55224256979357,24.52137191432429
16.270451524920418,9.61407240920656,36.04744795393529,5.4586430724059465
99.05669164278008,0.0,28.022691739422548,7.443110394764776
179.42773746257893,19.01774989416738,35.23015700530319,14.699201825813704
281.4493699625521,39.60973761148816,64.92323481407294,23.219587097045483
141.3975615480728,52.33921095344898,52.01573505845536,19.223445005281498
99.37626863335703,5.009111798529329,49.48298832005072,8.379838746164266
308.54780358521236,30.638398585343875,20.632977385765713,22.81432143973658
22.724372406392007,16.35562444051065,11.187561167881313,7.050781351437676
0.0,21.69100500111739,51.35912864468921,6.975010170656419
184.81960457685312,62.52406106943323,49.633090931310456,23.133261350823147
103.93901797953303,0.9496863368735262,62.62673626719182,7.809691254282478
59.36533638552042,27.031224334635585,17.40013495320247,10.733867603659698
207.8579018216274,30.207751274198493,25.554746870914244,18.11998753813377
167.97382409385577,39.38446237246802,0.0,18.05130523229783
98.61395993653915,24.718737182061645,22.006520591024564,12.089314610036341
37.122943601492736,27.83756757663324,52.257931288762876,9.831807567700476
221.94665763683685,17.449268455368824,20.394374012866155,16.36475132217673
202.86502558469448,27.259676340832087,44.50276661441349,17.316031271631566
138.52783195434972,18.168689774954828,26.405105085912737,12.676514762396476
305.5841090465283,32.492359237963356,37.611515147695854,23.01060112834022
55.1711895948513,17.776465871220577,5.558864381567279,8.809409428947454
16.069701471086915,28.862737588523828,32.409744295435935,9.082181081512928
87.6392610602237,22.829540589261356,0.0,11.25372275338186
143.12874737915982,39.982253195991326,26.483659435213532,16.999504006806664
167.93422258688997,22.50096719302899,0.0,14.866447251553973
126.33136248112581,0.0,56.81889730921074,8.661450172665969
177.2679472082771,41.999507716405105,47.48485997293805,18.920396812537582
39.592538518129615,9.816765364400464,40.7174503725804,6.559338726184321
270.9958075012053,13.557655924278478,63.679417914336256,17.8308745673916
139.98947331673622,14.420330433706551,9.887906885545615,12.053864489322073
242.96708035882884,43.67002009376434,68.60916055459165,22.220119759784502
176.46692287902013,0.0,50.8558466268964,10.962072942578109
186.25669881482395,69.84955372205316,25.402152092310704,24.605244143300624
195.95943472155807,38.94307392339733,55.28624060208482,19.1914827187873
185.48017651193376,26.578385558770755,6.4604530570693655,16.431444690488284
202.22297171063803,22.448999247933514,12.597218700096228,16.412792653987424
261.1558754205477,27.503566858889037,17.299755171341015,20.057894966265273
163.91467494443216,31.001005251569694,19.03359506404299,16.26525917533562
207.91347615216193,32.843392682090396,7.5436317042809975,18.63811480355991
139.33831049678207,31.51295348418033,57.19106237228665,15.19746007191078
270.6826637363664,24.59398728046788,24.91650816196225,19.937439640488705
88.97135545741875,20.334154130570557,38.23107204953996,10.80456585865037
301.660865516198,21.018074424143876,18.132533846143044,20.688017476640674
143.5947698154581,20.370233954748556,0.0,13.350853651429809
24.204396269270347,40.096868277831646,36.43547681305985,11.568256684278278
158.04080671073393,32.076423390936135,0.0,16.21893950062985
88.57133005649175,0.0,29.059245133690872,6.962176122361937
219.21530991148092,33.00203366763825,0.7539855816115768,19.192292016853386
91.01196665619685,26.155211122682893,73.83413048874434,11.958459754457982
108.73576208498129,22.98623466312435,50.40222317260728,12.196446223658777
0.0,17.49574066556906,32.85717172233785,6.203272566078288
108.21008638046351,39.95348704613633,58.07578858375041,15.363263969516654
0.0,37.33174457250834,12.122405217189907,9.964466894229584
11.05773269260655,11.789232749300563,42.39023132161192,5.62358726529026
212.32731958593206,29.30742763166102,34.90559567554065,18.14508938537373
214.50677251710079,8.837997877526304,36.30399324512195,14.384278510453322
183.56983405145095,2.781072371402658,58.264104451392704,11.803764759367098
64.02350169690617,13.959248959094717,46.506667773653604,8.452389323611
142.9462779548817,36.06779131924036,36.84200317977569,16.24241308488204
146.73320675758464,37.41486566972592,0.0,16.7079078109596
47.591984235218376,30.88168132325888,9.645515747680026,10.929036401360335
276.1156130753484,34.02935878177613,27.881568661719243,21.96185115989652
222.36776942887275,30.927600529677427,32.58752153616383,18.912443222313613
128.0717896028996,13.740045165700527,5.939721610040362,11.384297941176136
149.350763174561,29.676671599659215,83.07699190253166,15.28262569230726
164.93304683749327,35.14752748384321,63.57897117115759,17.04739299277992
0.0,34.462819436980695,43.6673065997561,9.39086077418148
125.82127458937623,40.91556995327943,32.122863488295934,16.377541239924668
88.49126320935213,33.78005205814037,25.93238130598931,13.330309776974907
61.049178972741345,28.48188447267643,9.822528789985178,11.092282756706933
122.90884902637934,39.152316378115486,32.24141883519445,15.91170588991458
301.38150389626526,22.870243924817512,36.167494841935095,21.005710991893523
202.0615744519397,10.170975335921732,3.510167254359793,14.100058062463493
98.00436403307728,20.842975903389757,37.83190148435261,11.314300607633045
196.20115742039897,12.204572577735266,27.17267204389609,14.190702593111471
